{"cameraMode":{"drawMode":0,"name":"Shaded","section":"Shading Mode"},"sceneLighting":true,"audioPlay":false,"sceneViewState":{"showFog":true,"showMaterialUpdate":false,"showSkybox":true,"showFlares":true,"showImageEffects":true,"showParticleSystems":true},"in2DMode":false,"pivot":{"x":-1.1006144285202027,"y":0.7982339859008789,"z":30.029014587402345},"rotation":{"x":-0.4230421483516693,"y":0.005978159140795469,"z":-0.002791580744087696,"w":-0.9060878753662109},"size":16.79888343811035,"orthographic":false}