{"cameraMode":{"drawMode":0,"name":"Shaded","section":"Shading Mode"},"sceneLighting":true,"audioPlay":false,"sceneViewState":{"showFog":true,"showMaterialUpdate":true,"showSkybox":true,"showFlares":true,"showImageEffects":true,"showParticleSystems":true},"in2DMode":false,"pivot":{"x":-61.30554962158203,"y":29.6041259765625,"z":-8.536614418029786},"rotation":{"x":0.34060347080230715,"y":0.6202988028526306,"z":-0.3416236639022827,"w":0.6184869408607483},"size":107.58348083496094,"orthographic":false}