{"cameraMode":{"drawMode":0,"name":"Shaded","section":"Shading Mode"},"sceneLighting":false,"audioPlay":false,"sceneViewState":{"showFog":true,"showMaterialUpdate":true,"showSkybox":false,"showFlares":true,"showImageEffects":true,"showParticleSystems":true},"in2DMode":false,"pivot":{"x":-20.854154586791993,"y":1.9823182821273804,"z":8.099371910095215},"rotation":{"x":-0.002999466611072421,"y":-0.996947705745697,"z":0.06138807535171509,"w":-0.048490386456251147},"size":29.192197799682618,"orthographic":false}