{"cameraMode":{"drawMode":0,"name":"Shaded","section":"Shading Mode"},"sceneLighting":true,"audioPlay":false,"sceneViewState":{"showFog":true,"showMaterialUpdate":true,"showSkybox":true,"showFlares":true,"showImageEffects":true,"showParticleSystems":true},"in2DMode":false,"pivot":{"x":-21.802507400512697,"y":11.687284469604493,"z":9.61807632446289},"rotation":{"x":-0.07193173468112946,"y":-0.013160823844373227,"z":0.0009481528541073203,"w":-0.9973363280296326},"size":39.869510650634769,"orthographic":false}