{"cameraMode":{"drawMode":0,"name":"Shaded","section":"Shading Mode"},"sceneLighting":true,"audioPlay":false,"sceneViewState":{"showFog":true,"showMaterialUpdate":true,"showSkybox":true,"showFlares":true,"showImageEffects":true,"showParticleSystems":true},"in2DMode":false,"pivot":{"x":749.5737915039063,"y":889.80859375,"z":111.97119140625},"rotation":{"x":0.0689455047249794,"y":0.0020980117842555048,"z":-0.00014266603102441877,"w":0.997628390789032},"size":3129.997314453125,"orthographic":false}