{"cameraMode":{"drawMode":0,"name":"Shaded","section":"Shading Mode"},"sceneLighting":false,"audioPlay":false,"sceneViewState":{"showFog":true,"showMaterialUpdate":true,"showSkybox":false,"showFlares":true,"showImageEffects":true,"showParticleSystems":true},"in2DMode":false,"pivot":{"x":-127.74052429199219,"y":-0.9280185699462891,"z":57.16360855102539},"rotation":{"x":-0.500656247138977,"y":-0.010627380572259426,"z":0.006145083345472813,"w":-0.8655637502670288},"size":51.21723937988281,"orthographic":false}