{"cameraMode":{"drawMode":0,"name":"Shaded","section":"Shading Mode"},"sceneLighting":true,"audioPlay":false,"sceneViewState":{"showFog":true,"showMaterialUpdate":false,"showSkybox":true,"showFlares":true,"showImageEffects":true,"showParticleSystems":true},"in2DMode":false,"pivot":{"x":545.7763061523438,"y":329.79425048828127,"z":11.94317626953125},"rotation":{"x":-0.09914803504943848,"y":-0.0032549621537327768,"z":0.0003280325618106872,"w":-0.9950827360153198},"size":761.9690551757813,"orthographic":false}