{"cameraMode":{"drawMode":0,"name":"Shaded","section":"Shading Mode"},"sceneLighting":true,"audioPlay":false,"sceneViewState":{"showFog":true,"showMaterialUpdate":true,"showSkybox":true,"showFlares":true,"showImageEffects":true,"showParticleSystems":true},"in2DMode":false,"pivot":{"x":-59.65333938598633,"y":8.619888305664063,"z":29.743698120117189},"rotation":{"x":0.5429024696350098,"y":0.004774249158799648,"z":-0.003084595547989011,"w":0.8397791981697083},"size":103.39434814453125,"orthographic":false}