{"cameraMode":{"drawMode":0,"name":"Shaded","section":"Shading Mode"},"sceneLighting":false,"audioPlay":false,"sceneViewState":{"showFog":true,"showMaterialUpdate":true,"showSkybox":false,"showFlares":true,"showImageEffects":true,"showParticleSystems":true},"in2DMode":false,"pivot":{"x":-33.764564514160159,"y":5.768638610839844,"z":4.986526966094971},"rotation":{"x":-0.2621705234050751,"y":-0.6930925250053406,"z":0.30330005288124087,"w":-0.5990955233573914},"size":6.630568027496338,"orthographic":false}