{"cameraMode":{"drawMode":0,"name":"Shaded","section":"Shading Mode"},"sceneLighting":false,"audioPlay":false,"sceneViewState":{"showFog":true,"showMaterialUpdate":true,"showSkybox":false,"showFlares":true,"showImageEffects":true,"showParticleSystems":true},"in2DMode":false,"pivot":{"x":-139.06344604492188,"y":2.3321495056152345,"z":43.94789505004883},"rotation":{"x":-0.31244221329689028,"y":0.6296735405921936,"z":-0.3064931631088257,"w":-0.6418704390525818},"size":13.330117225646973,"orthographic":false}