{"cameraMode":{"drawMode":0,"name":"Shaded","section":"Shading Mode"},"sceneLighting":true,"audioPlay":false,"sceneViewState":{"showFog":true,"showMaterialUpdate":true,"showSkybox":true,"showFlares":true,"showImageEffects":true,"showParticleSystems":true},"in2DMode":false,"pivot":{"x":-66.37423706054688,"y":-12.715957641601563,"z":47.43943786621094},"rotation":{"x":0.43443048000335696,"y":-0.5577173829078674,"z":0.43365076184272768,"w":0.5587201714515686},"size":172.71591186523438,"orthographic":false}