{"cameraMode":{"drawMode":0,"name":"Shaded","section":"Shading Mode"},"sceneLighting":true,"audioPlay":false,"sceneViewState":{"showFog":true,"showMaterialUpdate":true,"showSkybox":true,"showFlares":true,"showImageEffects":true,"showParticleSystems":true},"in2DMode":false,"pivot":{"x":-99.45496368408203,"y":8.482955932617188,"z":83.12089538574219},"rotation":{"x":-0.1076139286160469,"y":0.056940846145153049,"z":-0.006173342000693083,"w":-0.9925551414489746},"size":16.375417709350587,"orthographic":false}