{"cameraMode":{"drawMode":0,"name":"Shaded","section":"Shading Mode"},"sceneLighting":true,"audioPlay":false,"sceneViewState":{"showFog":true,"showMaterialUpdate":true,"showSkybox":true,"showFlares":true,"showImageEffects":true,"showParticleSystems":true},"in2DMode":false,"pivot":{"x":-62.08982467651367,"y":0.8955287933349609,"z":27.140331268310548},"rotation":{"x":-0.18786579370498658,"y":-0.010632560588419438,"z":0.0020307120867073538,"w":-0.9821394085884094},"size":28.522266387939454,"orthographic":false}