{"cameraMode":{"drawMode":0,"name":"Shaded","section":"Shading Mode"},"sceneLighting":false,"audioPlay":false,"sceneViewState":{"showFog":true,"showMaterialUpdate":false,"showSkybox":false,"showFlares":true,"showImageEffects":true,"showParticleSystems":true},"in2DMode":false,"pivot":{"x":0.6006694436073303,"y":1.6913204193115235,"z":-9.72669792175293},"rotation":{"x":0.32568344473838808,"y":-0.01985788904130459,"z":0.006841876078397036,"w":0.9452493190765381},"size":3.157883644104004,"orthographic":false}