{"cameraMode":{"drawMode":0,"name":"Shaded","section":"Shading Mode"},"sceneLighting":false,"audioPlay":false,"sceneViewState":{"showFog":true,"showMaterialUpdate":true,"showSkybox":false,"showFlares":true,"showImageEffects":true,"showParticleSystems":true},"in2DMode":false,"pivot":{"x":-54.71281814575195,"y":8.275020599365235,"z":17.723417282104493},"rotation":{"x":0.14955131709575654,"y":0.8163611888885498,"z":-0.24316568672657014,"w":0.5020638704299927},"size":16.438045501708986,"orthographic":false}