{"cameraMode":{"drawMode":0,"name":"Shaded","section":"Shading Mode"},"sceneLighting":false,"audioPlay":false,"sceneViewState":{"showFog":true,"showMaterialUpdate":true,"showSkybox":false,"showFlares":true,"showImageEffects":true,"showParticleSystems":true},"in2DMode":false,"pivot":{"x":-42.17124938964844,"y":1.654236078262329,"z":16.76987648010254},"rotation":{"x":-0.07043703645467758,"y":-0.011667030863463879,"z":0.0008139069541357458,"w":-0.9974650144577026},"size":6.5960493087768559,"orthographic":false}