{"cameraMode":{"drawMode":0,"name":"Shaded","section":"Shading Mode"},"sceneLighting":false,"audioPlay":false,"sceneViewState":{"showFog":true,"showMaterialUpdate":false,"showSkybox":false,"showFlares":true,"showImageEffects":true,"showParticleSystems":true},"in2DMode":false,"pivot":{"x":-8.344470977783204,"y":1.7300796508789063,"z":6.390912055969238},"rotation":{"x":-0.3208198547363281,"y":-0.38074660301208498,"z":0.1427999883890152,"w":-0.8554211258888245},"size":16.312034606933595,"orthographic":false}