{"cameraMode":{"drawMode":0,"name":"Shaded","section":"Shading Mode"},"sceneLighting":false,"audioPlay":false,"sceneViewState":{"showFog":true,"showMaterialUpdate":true,"showSkybox":false,"showFlares":true,"showImageEffects":true,"showParticleSystems":true},"in2DMode":false,"pivot":{"x":-35.37888717651367,"y":6.0938239097595219,"z":9.243139266967774},"rotation":{"x":-0.05655983090400696,"y":0.11950702220201493,"z":-0.006820502690970898,"w":-0.9912064075469971},"size":12.616899490356446,"orthographic":false}