{"cameraMode":{"drawMode":0,"name":"Shaded","section":"Shading Mode"},"sceneLighting":false,"audioPlay":false,"sceneViewState":{"showFog":true,"showMaterialUpdate":true,"showSkybox":false,"showFlares":true,"showImageEffects":true,"showParticleSystems":true},"in2DMode":false,"pivot":{"x":-57.86111831665039,"y":0.5899999737739563,"z":17.595561981201173},"rotation":{"x":0.14955131709575654,"y":0.8163611888885498,"z":-0.24316568672657014,"w":0.5020638704299927},"size":22.0,"orthographic":false}