{"cameraMode":{"drawMode":0,"name":"Shaded","section":"Shading Mode"},"sceneLighting":false,"audioPlay":false,"sceneViewState":{"showFog":true,"showMaterialUpdate":true,"showSkybox":false,"showFlares":true,"showImageEffects":true,"showParticleSystems":true},"in2DMode":false,"pivot":{"x":-37.017242431640628,"y":4.615034103393555,"z":4.497802257537842},"rotation":{"x":-0.1903003752231598,"y":0.6440733671188355,"z":-0.16996192932128907,"w":-0.7211699485778809},"size":12.616899490356446,"orthographic":false}