{"cameraMode":{"drawMode":0,"name":"Shaded","section":"Shading Mode"},"sceneLighting":true,"audioPlay":false,"sceneViewState":{"showFog":true,"showMaterialUpdate":true,"showSkybox":true,"showFlares":true,"showImageEffects":true,"showParticleSystems":true},"in2DMode":false,"pivot":{"x":701.0919189453125,"y":533.9862060546875,"z":228.127197265625},"rotation":{"x":-0.07193173468112946,"y":-0.013160823844373227,"z":0.0009481528541073203,"w":-0.9973363280296326},"size":1408.3662109375,"orthographic":false}