{"cameraMode":{"drawMode":0,"name":"Shaded","section":"Shading Mode"},"sceneLighting":false,"audioPlay":false,"sceneViewState":{"showFog":true,"showMaterialUpdate":true,"showSkybox":false,"showFlares":true,"showImageEffects":true,"showParticleSystems":true},"in2DMode":false,"pivot":{"x":-38.355934143066409,"y":3.625178813934326,"z":18.24815559387207},"rotation":{"x":-0.08692490309476853,"y":-0.716504693031311,"z":0.0907551571726799,"w":-0.6861818432807922},"size":15.938458442687989,"orthographic":false}