{"cameraMode":{"drawMode":0,"name":"Shaded","section":"Shading Mode"},"sceneLighting":true,"audioPlay":false,"sceneViewState":{"showFog":true,"showMaterialUpdate":true,"showSkybox":true,"showFlares":true,"showImageEffects":true,"showParticleSystems":true},"in2DMode":false,"pivot":{"x":-46.71849060058594,"y":-69.39740753173828,"z":37.184268951416019},"rotation":{"x":-0.30515146255493166,"y":-0.6218075752258301,"z":0.28668224811553957,"w":-0.6618770956993103},"size":208.04591369628907,"orthographic":false}