{"cameraMode":{"drawMode":0,"name":"Shaded","section":"Shading Mode"},"sceneLighting":true,"audioPlay":false,"sceneViewState":{"showFog":true,"showMaterialUpdate":false,"showSkybox":true,"showFlares":true,"showImageEffects":true,"showParticleSystems":true},"in2DMode":false,"pivot":{"x":108.64315032958985,"y":-127.20384216308594,"z":-77.7061996459961},"rotation":{"x":0.16480673849582673,"y":0.8326995968818665,"z":-0.3367577791213989,"w":0.40750542283058169},"size":205.63238525390626,"orthographic":false}