{"cameraMode":{"drawMode":0,"name":"Shaded","section":"Shading Mode"},"sceneLighting":false,"audioPlay":false,"sceneViewState":{"showFog":true,"showMaterialUpdate":true,"showSkybox":false,"showFlares":true,"showImageEffects":true,"showParticleSystems":true},"in2DMode":false,"pivot":{"x":-16.918556213378908,"y":1.375624656677246,"z":11.727630615234375},"rotation":{"x":-0.07126918435096741,"y":-0.8962697982788086,"z":0.15615268051624299,"w":-0.4089880585670471},"size":15.60898494720459,"orthographic":false}