{"cameraMode":{"drawMode":0,"name":"Shaded","section":"Shading Mode"},"sceneLighting":true,"audioPlay":false,"sceneViewState":{"showFog":true,"showMaterialUpdate":true,"showSkybox":true,"showFlares":true,"showImageEffects":true,"showParticleSystems":true},"in2DMode":false,"pivot":{"x":-1334.4901123046875,"y":-1147.0482177734375,"z":28.642539978027345},"rotation":{"x":0.2532823979854584,"y":-0.6574653387069702,"z":0.2508569657802582,"w":0.6638311147689819},"size":1794.4317626953125,"orthographic":false}