{"cameraMode":{"drawMode":0,"name":"Shaded","section":"Shading Mode"},"sceneLighting":false,"audioPlay":false,"sceneViewState":{"showFog":true,"showMaterialUpdate":true,"showSkybox":false,"showFlares":true,"showImageEffects":true,"showParticleSystems":true},"in2DMode":false,"pivot":{"x":-40.86018371582031,"y":1.9901459217071534,"z":16.970773696899415},"rotation":{"x":-0.11555039882659912,"y":-0.6949678063392639,"z":0.11464513838291168,"w":-0.7003879547119141},"size":8.620237350463868,"orthographic":false}