{"cameraMode":{"drawMode":0,"name":"Shaded","section":"Shading Mode"},"sceneLighting":true,"audioPlay":false,"sceneViewState":{"showFog":true,"showMaterialUpdate":true,"showSkybox":true,"showFlares":true,"showImageEffects":true,"showParticleSystems":true},"in2DMode":false,"pivot":{"x":-40.58951950073242,"y":-15.659038543701172,"z":10.261909484863282},"rotation":{"x":0.004266827367246151,"y":0.9310015439987183,"z":-0.3648551106452942,"w":0.010885670781135559},"size":67.30391693115235,"orthographic":false}