{"cameraMode":{"drawMode":0,"name":"Shaded","section":"Shading Mode"},"sceneLighting":true,"audioPlay":false,"sceneViewState":{"showFog":true,"showMaterialUpdate":true,"showSkybox":true,"showFlares":true,"showImageEffects":true,"showParticleSystems":true},"in2DMode":false,"pivot":{"x":408.675537109375,"y":85.653076171875,"z":652.035888671875},"rotation":{"x":0.15032534301280976,"y":0.004136744420975447,"z":-0.0006274164188653231,"w":0.9886296987533569},"size":1447.7598876953125,"orthographic":false}