{"cameraMode":{"drawMode":0,"name":"Shaded","section":"Shading Mode"},"sceneLighting":false,"audioPlay":false,"sceneViewState":{"showFog":true,"showMaterialUpdate":true,"showSkybox":false,"showFlares":true,"showImageEffects":true,"showParticleSystems":true},"in2DMode":false,"pivot":{"x":-98.64208221435547,"y":4.517934799194336,"z":86.10087585449219},"rotation":{"x":-0.08302852511405945,"y":-0.7378998398780823,"z":0.09234104305505753,"w":-0.6634007096290588},"size":19.994361877441408,"orthographic":false}