{"cameraMode":{"drawMode":0,"name":"Shaded","section":"Shading Mode"},"sceneLighting":true,"audioPlay":false,"sceneViewState":{"showFog":true,"showMaterialUpdate":false,"showSkybox":true,"showFlares":true,"showImageEffects":true,"showParticleSystems":true},"in2DMode":false,"pivot":{"x":-0.7633641362190247,"y":1.6062074899673463,"z":1.5042020082473755},"rotation":{"x":0.11313601583242417,"y":0.6713138222694397,"z":-0.10476353764533997,"w":0.7249615788459778},"size":5.771487712860107,"orthographic":false}