{"cameraMode":{"drawMode":0,"name":"Shaded","section":"Shading Mode"},"sceneLighting":false,"audioPlay":false,"sceneViewState":{"showFog":true,"showMaterialUpdate":true,"showSkybox":false,"showFlares":true,"showImageEffects":true,"showParticleSystems":true},"in2DMode":false,"pivot":{"x":-20.292192459106447,"y":2.0221495628356935,"z":8.176287651062012},"rotation":{"x":-0.3772165775299072,"y":-0.030271396040916444,"z":0.012344433926045895,"w":-0.9255695939064026},"size":13.7701997756958,"orthographic":false}