{"cameraMode":{"drawMode":0,"name":"Shaded","section":"Shading Mode"},"sceneLighting":false,"audioPlay":false,"sceneViewState":{"showFog":true,"showMaterialUpdate":true,"showSkybox":false,"showFlares":true,"showImageEffects":true,"showParticleSystems":true},"in2DMode":false,"pivot":{"x":-42.166683197021487,"y":0.7979350090026856,"z":16.823348999023439},"rotation":{"x":-0.2621705234050751,"y":-0.6930925250053406,"z":0.30330005288124087,"w":-0.5990955233573914},"size":22.0,"orthographic":false}