{"cameraMode":{"drawMode":0,"name":"Shaded","section":"Shading Mode"},"sceneLighting":true,"audioPlay":false,"sceneViewState":{"showFog":true,"showMaterialUpdate":true,"showSkybox":true,"showFlares":true,"showImageEffects":true,"showParticleSystems":true},"in2DMode":false,"pivot":{"x":-34.81884002685547,"y":-554.5695190429688,"z":419.4417724609375},"rotation":{"x":-0.43567222356796267,"y":-0.020464573055505754,"z":0.009993835352361203,"w":-0.8998484015464783},"size":1413.987548828125,"orthographic":false}