{"cameraMode":{"drawMode":0,"name":"Shaded","section":"Shading Mode"},"sceneLighting":false,"audioPlay":false,"sceneViewState":{"showFog":true,"showMaterialUpdate":true,"showSkybox":false,"showFlares":true,"showImageEffects":true,"showParticleSystems":true},"in2DMode":false,"pivot":{"x":-54.662235260009769,"y":6.679506301879883,"z":15.0994873046875},"rotation":{"x":0.14955131709575654,"y":0.8163611888885498,"z":-0.24316568672657014,"w":0.5020638704299927},"size":25.0548152923584,"orthographic":false}