{"cameraMode":{"drawMode":0,"name":"Shaded","section":"Shading Mode"},"sceneLighting":false,"audioPlay":false,"sceneViewState":{"showFog":true,"showMaterialUpdate":false,"showSkybox":false,"showFlares":true,"showImageEffects":true,"showParticleSystems":true},"in2DMode":false,"pivot":{"x":-1.5714826583862305,"y":1.3174999952316285,"z":0.8513379096984863},"rotation":{"x":-0.0020170598290860655,"y":0.9683205485343933,"z":-0.2496366649866104,"w":-0.007811381481587887},"size":2.8722445964813234,"orthographic":false}