{"cameraMode":{"drawMode":0,"name":"Shaded","section":"Shading Mode"},"sceneLighting":false,"audioPlay":false,"sceneViewState":{"showFog":true,"showMaterialUpdate":true,"showSkybox":false,"showFlares":true,"showImageEffects":true,"showParticleSystems":true},"in2DMode":false,"pivot":{"x":-40.09917449951172,"y":4.053188323974609,"z":16.729703903198243},"rotation":{"x":-0.24422864615917207,"y":-0.6561071872711182,"z":0.23800869286060334,"w":-0.6732357740402222},"size":13.201749801635743,"orthographic":false}