{"cameraMode":{"drawMode":0,"name":"Shaded","section":"Shading Mode"},"sceneLighting":false,"audioPlay":false,"sceneViewState":{"showFog":true,"showMaterialUpdate":true,"showSkybox":false,"showFlares":true,"showImageEffects":true,"showParticleSystems":true},"in2DMode":false,"pivot":{"x":-41.08332824707031,"y":0.968071699142456,"z":17.46332359313965},"rotation":{"x":-0.1263335794210434,"y":-0.6857646107673645,"z":0.12265269458293915,"w":-0.7062286734580994},"size":6.8562517166137699,"orthographic":false}