{"cameraMode":{"drawMode":0,"name":"Shaded","section":"Shading Mode"},"sceneLighting":true,"audioPlay":false,"sceneViewState":{"showFog":true,"showMaterialUpdate":true,"showSkybox":true,"showFlares":true,"showImageEffects":true,"showParticleSystems":true},"in2DMode":false,"pivot":{"x":-46.7232666015625,"y":32.50254821777344,"z":5.171760559082031},"rotation":{"x":-0.5212946534156799,"y":-0.0091853067278862,"z":0.005633652210235596,"w":-0.8533181548118591},"size":183.81619262695313,"orthographic":false}