{"cameraMode":{"drawMode":0,"name":"Shaded","section":"Shading Mode"},"sceneLighting":true,"audioPlay":false,"sceneViewState":{"showFog":true,"showMaterialUpdate":false,"showSkybox":true,"showFlares":true,"showImageEffects":true,"showParticleSystems":true},"in2DMode":false,"pivot":{"x":-1.6698309183120728,"y":1.8863778114318848,"z":6.565906524658203},"rotation":{"x":-0.0042124297469854359,"y":0.9689544439315796,"z":-0.24670255184173585,"w":-0.01653880625963211},"size":9.883956909179688,"orthographic":false}