{"cameraMode":{"drawMode":0,"name":"Shaded","section":"Shading Mode"},"sceneLighting":true,"audioPlay":false,"sceneViewState":{"showFog":true,"showMaterialUpdate":true,"showSkybox":true,"showFlares":true,"showImageEffects":true,"showParticleSystems":true},"in2DMode":false,"pivot":{"x":-35.415164947509769,"y":2.3644485473632814,"z":17.46445083618164},"rotation":{"x":-0.48096907138824465,"y":0.02082603983581066,"z":-0.011358283460140229,"w":-0.8764467835426331},"size":118.7712631225586,"orthographic":false}