{"cameraMode":{"drawMode":0,"name":"Shaded","section":"Shading Mode"},"sceneLighting":true,"audioPlay":false,"sceneViewState":{"showFog":true,"showMaterialUpdate":true,"showSkybox":true,"showFlares":true,"showImageEffects":true,"showParticleSystems":true},"in2DMode":false,"pivot":{"x":515.8905639648438,"y":326.3356628417969,"z":8.2386474609375},"rotation":{"x":0.014397147111594677,"y":0.0038680981379002334,"z":-0.000060036130889784545,"w":0.999893844127655},"size":600.7710571289063,"orthographic":false}