{"cameraMode":{"drawMode":0,"name":"Shaded","section":"Shading Mode"},"sceneLighting":false,"audioPlay":false,"sceneViewState":{"showFog":false,"showMaterialUpdate":false,"showSkybox":false,"showFlares":false,"showImageEffects":false,"showParticleSystems":false},"in2DMode":false,"pivot":{"x":-122.91869354248047,"y":3.2188010215759279,"z":42.997154235839847},"rotation":{"x":-0.2992241084575653,"y":-0.2401370108127594,"z":0.07808709889650345,"w":-0.9201681613922119},"size":13.793231010437012,"orthographic":false}