{"cameraMode":{"drawMode":0,"name":"Shaded","section":"Shading Mode"},"sceneLighting":false,"audioPlay":false,"sceneViewState":{"showFog":true,"showMaterialUpdate":true,"showSkybox":false,"showFlares":true,"showImageEffects":true,"showParticleSystems":true},"in2DMode":false,"pivot":{"x":-42.17124938964844,"y":1.654236078262329,"z":16.76987648010254},"rotation":{"x":-0.1077883318066597,"y":-0.007155141327530146,"z":0.0007607145234942436,"w":-0.9941657781600952},"size":6.5960493087768559,"orthographic":false}