{"cameraMode":{"drawMode":0,"name":"Shaded","section":"Shading Mode"},"sceneLighting":true,"audioPlay":false,"sceneViewState":{"showFog":true,"showMaterialUpdate":true,"showSkybox":true,"showFlares":true,"showImageEffects":true,"showParticleSystems":true},"in2DMode":false,"pivot":{"x":537.5972900390625,"y":259.95294189453127,"z":754.275634765625},"rotation":{"x":-0.08180796355009079,"y":0.007206648122519255,"z":-0.000513115432113409,"w":-0.9966500997543335},"size":1413.987548828125,"orthographic":false}