{"cameraMode":{"drawMode":0,"name":"Shaded","section":"Shading Mode"},"sceneLighting":true,"audioPlay":false,"sceneViewState":{"showFog":true,"showMaterialUpdate":true,"showSkybox":true,"showFlares":true,"showImageEffects":true,"showParticleSystems":true},"in2DMode":false,"pivot":{"x":1359.7742919921875,"y":889.4813232421875,"z":106.029296875},"rotation":{"x":0.04947996884584427,"y":0.0006022182060405612,"z":-0.000027508333005243912,"w":0.998785138130188},"size":2345.75244140625,"orthographic":false}