{"cameraMode":{"drawMode":0,"name":"Shaded","section":"Shading Mode"},"sceneLighting":true,"audioPlay":false,"sceneViewState":{"showFog":true,"showMaterialUpdate":false,"showSkybox":true,"showFlares":true,"showImageEffects":true,"showParticleSystems":true},"in2DMode":false,"pivot":{"x":26.229724884033204,"y":-28.220022201538087,"z":10.491010665893555},"rotation":{"x":-0.2534371316432953,"y":-0.6405231952667236,"z":0.23694492876529694,"w":-0.685118556022644},"size":77.47752380371094,"orthographic":false}