{"cameraMode":{"drawMode":0,"name":"Shaded","section":"Shading Mode"},"sceneLighting":true,"audioPlay":false,"sceneViewState":{"showFog":true,"showMaterialUpdate":true,"showSkybox":true,"showFlares":true,"showImageEffects":true,"showParticleSystems":true},"in2DMode":false,"pivot":{"x":-55.3160400390625,"y":31.482330322265626,"z":7.064032554626465},"rotation":{"x":0.3970969617366791,"y":-0.5858743190765381,"z":0.3989892899990082,"w":0.583026111125946},"size":133.0872344970703,"orthographic":false}