{"cameraMode":{"drawMode":0,"name":"Shaded","section":"Shading Mode"},"sceneLighting":true,"audioPlay":false,"sceneViewState":{"showFog":true,"showMaterialUpdate":false,"showSkybox":true,"showFlares":true,"showImageEffects":true,"showParticleSystems":true},"in2DMode":false,"pivot":{"x":414.167724609375,"y":364.5804748535156,"z":-22.92572021484375},"rotation":{"x":-0.17785821855068208,"y":0.005637939088046551,"z":-0.0010151034221053124,"w":-0.984054446220398},"size":892.8681640625,"orthographic":false}