{"cameraMode":{"drawMode":0,"name":"Shaded","section":"Shading Mode"},"sceneLighting":true,"audioPlay":false,"sceneViewState":{"showFog":true,"showMaterialUpdate":true,"showSkybox":true,"showFlares":true,"showImageEffects":true,"showParticleSystems":true},"in2DMode":false,"pivot":{"x":585.343994140625,"y":185.88674926757813,"z":664.1542358398438},"rotation":{"x":-0.12654326856136323,"y":-0.01515254657715559,"z":0.0019343068124726415,"w":-0.9918469786643982},"size":1685.982666015625,"orthographic":false}