{"cameraMode":{"drawMode":0,"name":"Shaded","section":"Shading Mode"},"sceneLighting":true,"audioPlay":false,"sceneViewState":{"showFog":true,"showMaterialUpdate":true,"showSkybox":true,"showFlares":true,"showImageEffects":true,"showParticleSystems":true},"in2DMode":false,"pivot":{"x":-651.8662109375,"y":-559.47119140625,"z":18541.091796875},"rotation":{"x":-0.02119850553572178,"y":-0.9645907282829285,"z":0.249898761510849,"w":-0.08179951459169388},"size":34.509700775146487,"orthographic":false}