{"cameraMode":{"drawMode":0,"name":"Shaded","section":"Shading Mode"},"sceneLighting":true,"audioPlay":false,"sceneViewState":{"showFog":true,"showMaterialUpdate":true,"showSkybox":true,"showFlares":true,"showImageEffects":true,"showParticleSystems":true},"in2DMode":false,"pivot":{"x":-85.35895538330078,"y":2.322892427444458,"z":35.46799850463867},"rotation":{"x":0.04871648550033569,"y":-0.7779722213745117,"z":-0.06081758812069893,"w":-0.6234769225120544},"size":3.755958318710327,"orthographic":false}