{"cameraMode":{"drawMode":0,"name":"Shaded","section":"Shading Mode"},"sceneLighting":false,"audioPlay":false,"sceneViewState":{"showFog":true,"showMaterialUpdate":true,"showSkybox":false,"showFlares":true,"showImageEffects":true,"showParticleSystems":true},"in2DMode":false,"pivot":{"x":-7.577731609344482,"y":0.6293482780456543,"z":8.949753761291504},"rotation":{"x":0.007471682038158178,"y":-0.9630128741264343,"z":0.2680765986442566,"w":0.02687840349972248},"size":21.12592887878418,"orthographic":false}