{"cameraMode":{"drawMode":0,"name":"Shaded","section":"Shading Mode"},"sceneLighting":true,"audioPlay":false,"sceneViewState":{"showFog":true,"showMaterialUpdate":true,"showSkybox":true,"showFlares":true,"showImageEffects":true,"showParticleSystems":true},"in2DMode":false,"pivot":{"x":429.7222900390625,"y":313.2564392089844,"z":-21.426513671875},"rotation":{"x":-0.0638546347618103,"y":0.002720017684623599,"z":-0.00015580483886878937,"w":-0.9979636669158936},"size":822.65283203125,"orthographic":false}