{"cameraMode":{"drawMode":0,"name":"Shaded","section":"Shading Mode"},"sceneLighting":false,"audioPlay":false,"sceneViewState":{"showFog":true,"showMaterialUpdate":true,"showSkybox":false,"showFlares":true,"showImageEffects":true,"showParticleSystems":true},"in2DMode":false,"pivot":{"x":-20.292192459106447,"y":2.0221495628356935,"z":8.176287651062012},"rotation":{"x":-0.19564376771450044,"y":-0.571395754814148,"z":0.14256173372268678,"w":-0.7841856479644775},"size":13.7701997756958,"orthographic":false}