{"cameraMode":{"drawMode":0,"name":"Shaded","section":"Shading Mode"},"sceneLighting":true,"audioPlay":false,"sceneViewState":{"showFog":true,"showMaterialUpdate":false,"showSkybox":true,"showFlares":true,"showImageEffects":true,"showParticleSystems":true},"in2DMode":false,"pivot":{"x":106.3408203125,"y":-128.4911346435547,"z":-78.6413803100586},"rotation":{"x":0.16480673849582673,"y":0.8326995968818665,"z":-0.3367577791213989,"w":0.40750542283058169},"size":212.37460327148438,"orthographic":false}