{"cameraMode":{"drawMode":0,"name":"Shaded","section":"Shading Mode"},"sceneLighting":true,"audioPlay":false,"sceneViewState":{"showFog":true,"showMaterialUpdate":true,"showSkybox":true,"showFlares":true,"showImageEffects":true,"showParticleSystems":true},"in2DMode":false,"pivot":{"x":-125.11786651611328,"y":-7.233757019042969,"z":39.78516387939453},"rotation":{"x":-0.22974038124084474,"y":-0.7005569934844971,"z":0.25771668553352358,"w":-0.6245515942573547},"size":54.28479766845703,"orthographic":false}