{"cameraMode":{"drawMode":0,"name":"Shaded","section":"Shading Mode"},"sceneLighting":true,"audioPlay":false,"sceneViewState":{"showFog":true,"showMaterialUpdate":true,"showSkybox":true,"showFlares":true,"showImageEffects":true,"showParticleSystems":true},"in2DMode":false,"pivot":{"x":7.7083587646484379,"y":-5.792868614196777,"z":-4.971519470214844},"rotation":{"x":-0.13134975731372834,"y":-0.8632405996322632,"z":0.2887626588344574,"w":-0.3926592767238617},"size":18.568180084228517,"orthographic":false}